Category,Name,Description,File Name
clothing,Adidas 1/4 Zip,,
clothing,Adidas 365 BOS Short,,
clothing,Adidas 365 Short,,
clothing,Adidas Code Chaos Shoes,,
clothing,Adidas Dress FP6806/FK0530,,
clothing,Adidas Full Zip,,
clothing,Adidas Full Zip FJ4918,,
clothing,Adidas Full Zip FP6804,,
clothing,Adidas Full Zip Jacket FK0638,,
clothing,Adidas Half Zip FJ4929,,
clothing,Adidas Jacket CW6702,,
clothing,Adidas Longsleeve FI9500,,
clothing,Adidas Longsleeve FP9741,,
clothing,Adidas Pants DQ2136,,
clothing,Adidas Pants FJ4875,,
clothing,Adidas Polo FJ9824/5,,
clothing,Adidas Polo FJ9830,,
clothing,Adidas Polo FJ9926,,
clothing,Adidas Polo FJ9950/1,,
clothing,Adidas Polo FT8598,,
clothing,Adidas Provisional Jacket,,
clothing,Adidas Shortsleeve FJ4917,,
clothing,Adidas Shortsleeve FK0630,,
clothing,Adidas Shortsleeve FS4738/FI9522,,
clothing,Adidas Skort FI9508,,
clothing,Adidas Skort FJ4892,,
clothing,Adidas Skort FJ4893,,
clothing,Adidas Sleeveless FJ4887,,
clothing,Adidas Sleeveless FJ4905,,
clothing,Adidas Sleeveless FK0627,,
clothing,Adidas Sleeveless FP6802,,
clothing,Adidas Sweater,,
clothing,Adidas Tour360 XT Shoes,,
clothing,Adidas Tour360 XT-SL Shoes,,
clothing,Adidas W Adicross Retro Shoes,,
clothing,Adidas W Response Shoes,,
clothing,Dexim Dress 20801,,
clothing,Dexim Dress 20810,,
clothing,Dexim Dress 20815,,
clothing,Dexim Polo 20101,,
clothing,Dexim Polo/Zip Sleeveless 20102/201,,
clothing,Dexim Sleeveless 20104/202/203,,
clothing,New Balance Fresh Foam Links Pro Shoes,,
clothing,New Balance Fresh Foam Links SL Shoes,,
clothing,New Balance W Fresh Foam Links SL Shoes,,
clothing,New Balance W Minimus SL Shoes,,
clothing,Ping Harrison Polo,,
clothing,Ping Linear Jacquard Polo,,
clothing,Ping Players Pants,,
clothing,Ping Ramsey Pullover,,
clothing,Ping Seth Polo,,
clothing,Ping Vertical 1/2 Zip,,
clothing,Prodigy Highwood Hoodie,,
clothing,Prodigy Highwood Mens Alex,,
clothing,Prodigy Highwood Mens Tshirt,,
clothing,Prodigy Highwood Womens Alex,,
clothing,Prodigy Highwood Womens Tshirt,,
clothing,Ralph Lauren Airflow 20 Shirt,,
clothing,Ralph Lauren Gauge Terry Longsleeve,,
clothing,Ralph Lauren Plaid Sports Shirt,,
clothing,Ralph Lauren Profit Tech Pique,,
clothing,Ralph Lauren Twill Sports Shirt,,
clothing,Skechers Elite 4 Shoes,,
clothing,Skechers Max Fairway 2 Shoes,,
clothing,Skechers Max Glitter Shoes,,
clothing,Sunice Allendale Pullover,,
clothing,Sunice Blair Jacket,,
clothing,Sunice Carson Jacket,,
clothing,Sunice Chad Jacket,,
clothing,Sunice Chase Zephal Jacket,,
clothing,Sunice Cooper Polo,,
clothing,Sunice Dakota Pullover,,
clothing,Sunice Ella Thermal,,
clothing,Sunice Hamilton Jacket,,
clothing,Sunice Maci Vest,,
clothing,Sunice Maddy Pullover,,
clothing,Sunice Martin Polo,,
clothing,Sunice Megan Pullover,,
clothing,Sunice Michael Vest,,
clothing,Sunice Nathan Polo,,
clothing,Sunice Onassis Jacket,,
clothing,Sunice Shane Polo,,
clothing,Sunice Winston Windjacket,,
clothing,Under Armour Performance Polo 1342080,,
clothing,Under Armour Playoff 2.0 1/4 Zip 1327040,,
clothing,Under Armour Playoff Polo 2.0,,
clothing,Under Armour Showdown Taper Pant 1309546,,
clothing,Under Armour Vanish Polo ,,
clothing,Under Armour Windstrike 1/4 Zip 1350045,,
clothing,Under Armour Windstrike Full Zip 1350044,,
bags,OGIO Convoy 14 Cart ,,
bags,OGIO Fuse 14 Cart ,,
bags,OGIO XIX Cart ,,
bags,Titleist Cart 14 Ltwt ,,
bags,PING Hoofer Lite ,,
bags,PING Hoofer,,
bags,PING Traverse ,,
bags,PING Pioneer ,,
bags,Callaway Org 7 Cart ,,
bags,Callaway Org 14 Cart ,,
bags,Big Max Heaven 7 Stand Bag ,,
bags,Big Max Terra Cart ,,
bags,Big Max Dri-Lite Cart ,,
Driver,Callaway Mavrik SubZero Driver,,
Driver,Callaway Mavrik Max Driver,,
Driver,Callaway Mavrik Driver,,
Driver,PING GLE 2 Driver,,
Wood,Callaway Mavrik Max Wood,,
Wood,Callaway Mavrik Wood,,
Wood,PING GLE 2 Wood,,
Hybrid,Callaway Mavrik Pro Hybrid,,
Hybrid,Callaway Super Hybrid Hybrid,,
Hybrid,Callaway Mavrik Pro Hybrid,,
Hybrid,Callaway Mavrik Max Hybrid,,
Wedge,Titleist SM8Wedge,,
Wedge,Callaway Jaws Wedge,,
Wedge,PING Glide 3.0 Wedge,,
Wedge,PING Glide 3.0 Wedge,,
Putter,Odyssey Stroke Lab One Putter,,
Putter,Odyssey Stroke Lab RossiePutter,,
Putter,Odyssey Stroke Lab Ten Putter,,
Putter,Odyssey Stroke Lab Ten Putter,,
Putter,Odyssey Stroke Lab SevenPutter,,
Putter,Odyssey Stroke Lab R-Line Arrow Putter,,
Putter,Odyssey Triple Track Ten Putter,,
Putter,Odyssey Triple Track 2 Ball Putter,,
Putter,Odyssey Triple Track Double Wide ,,
Putter,Odyssey Triple Track Marxman ,,
Putter,Odyssey Triple Track 2 Ball Blade ,,
Putter,Odyssey Triple Track 2 Ball ,,
